instance,processing_time,analysed_commits,git_log_command_calls,step2,step3,step4,step5,tp_introduced,fp_introduced,fn_introduced,tp_container_change,fp_container_change,fn_container_change,tp_body_change,fp_body_change,fn_body_change,tp_catch_block_change,fp_catch_block_change,fn_catch_block_change,tp_catch_block_added,fp_catch_block_added,fn_catch_block_added,tp_catch_block_removed,fp_catch_block_removed,fn_catch_block_removed,tp_finally_block_change,fp_finally_block_change,fn_finally_block_change,tp_finally_block_added,fp_finally_block_added,fn_finally_block_added,tp_finally_block_removed,fp_finally_block_removed,fn_finally_block_removed,tp_block_split,fp_block_split,fn_block_split,tp_method_split,fp_method_split,fn_method_split,tp_method_merge,fp_method_merge,fn_method_merge,tp_pipeline_replaced_with_loop,fp_pipeline_replaced_with_loop,fn_pipeline_replaced_with_loop,tp_loop_replaced_with_pipeline,fp_loop_replaced_with_pipeline,fn_loop_replaced_with_pipeline,tp_documentation_change,fp_documentation_change,fn_documentation_change,tp_rename,fp_rename,fn_rename,tp_modifier_change,fp_modifier_change,fn_modifier_change,tp_access_modifier_change,fp_access_modifier_change,fn_access_modifier_change,tp_return_type_change,fp_return_type_change,fn_return_type_change,tp_type_change,fp_type_change,fn_type_change,tp_exception_change,fp_exception_change,fn_exception_change,tp_parameter_change,fp_parameter_change,fn_parameter_change,tp_annotation_change,fp_annotation_change,fn_annotation_change,tp_moved,fp_moved,fn_moved,tp_expression_change,fp_expression_change,fn_expression_change,tp_all,fp_all,fn_all
"src/main/java/com.puppycrawl.tools.checkstyle.Checker#fireErrors(String, SortedSet)",5614,229,2,206,15,6,2,1,0,0,1,0,0,17,0,0,0,0,0,0,0,0,0,0,0,0,0,0,0,0,0,0,0,0,0,0,0,0,0,0,0,0,0,0,0,0,0,0,0,0,0,0,0,0,0,1,0,0,0,0,0,0,0,0,0,0,0,0,0,0,4,0,0,1,0,0,0,0,0,0,0,0,25,0,0
"src/main/java/com.puppycrawl.tools.checkstyle.Checker#process(List)",5975,236,3,195,32,6,3,1,0,0,1,0,0,31,0,0,0,0,0,0,0,0,0,0,0,0,0,0,0,0,0,0,0,0,0,0,0,0,0,0,0,0,0,0,0,0,0,0,0,10,0,0,0,0,0,2,0,0,0,0,0,0,0,0,0,0,0,1,0,0,4,0,0,1,0,0,1,0,0,0,0,0,52,0,0
"src/main/java/com.puppycrawl.tools.checkstyle.utils.CommonUtils#createPattern(String, int)",558,23,1,20,2,1,0,1,0,0,0,0,0,2,0,0,0,0,0,0,0,0,0,0,0,0,0,0,0,0,0,0,0,0,0,0,0,0,0,0,0,0,0,0,0,0,0,0,0,0,0,0,0,0,0,0,0,0,0,0,0,0,0,0,0,0,0,0,0,0,0,0,0,0,0,0,0,0,0,0,0,0,3,0,0
"src/main/java/com.puppycrawl.tools.checkstyle.checks.coding.FinalLocalVariableCheck#visitToken(DetailAST)",2335,97,2,63,30,2,2,1,0,0,1,0,0,30,0,0,0,0,0,0,0,0,0,0,0,0,0,0,0,0,0,0,0,0,0,0,0,0,0,0,0,0,0,0,0,0,0,0,0,4,0,0,0,0,0,0,0,0,0,0,0,0,0,0,0,0,0,0,0,0,1,0,0,1,0,0,0,0,0,0,0,0,38,0,0
"src/main/java/com.puppycrawl.tools.checkstyle.checks.javadoc.JavadocMethodCheck#checkThrowsTags(List, List, boolean)",3824,181,3,147,28,3,3,1,0,0,2,0,0,30,0,0,0,0,0,0,0,0,0,0,0,0,0,0,0,0,0,0,0,0,0,0,0,0,0,0,0,0,0,0,0,0,0,0,0,9,0,0,0,0,0,0,0,0,0,0,0,0,0,0,0,0,0,0,0,0,3,0,0,0,0,0,0,0,0,0,0,0,45,0,0
"src/main/java/com.puppycrawl.tools.checkstyle.Main#main(String[])",2037,151,2,89,53,7,2,1,0,0,1,0,0,56,0,0,0,0,0,0,0,0,0,0,0,0,0,0,0,0,0,0,0,0,0,0,0,0,0,0,0,0,0,0,0,0,0,0,0,20,0,0,0,0,0,0,0,0,0,0,0,0,0,0,0,0,0,5,0,0,2,0,0,0,0,0,0,0,0,0,0,0,85,0,0
"src/main/java/com.puppycrawl.tools.checkstyle.TreeWalker#processFiltered(File, FileText)",2929,256,3,187,59,7,3,1,0,0,1,0,0,65,0,0,0,0,0,0,0,0,0,0,0,0,0,0,0,0,0,0,0,0,0,0,0,0,0,0,0,0,0,0,0,0,0,0,0,9,0,0,1,0,0,2,0,0,0,0,0,1,0,0,0,0,0,1,0,0,4,0,0,1,0,0,1,0,0,0,0,0,87,0,0
"src/main/java/com.puppycrawl.tools.checkstyle.checks.whitespace.WhitespaceAroundCheck#getAcceptableTokens()",1160,47,1,41,5,0,1,1,0,0,0,0,0,5,0,0,0,0,0,0,0,0,0,0,0,0,0,0,0,0,0,0,0,0,0,0,0,0,0,0,0,0,0,0,0,0,0,0,0,0,0,0,0,0,0,0,0,0,0,0,0,0,0,0,0,0,0,0,0,0,0,0,0,0,0,0,0,0,0,0,0,0,6,0,0
"src/main/java/com.puppycrawl.tools.checkstyle.checks.whitespace.WhitespaceAroundCheck#isNotRelevantSituation(DetailAST, int)",689,39,1,34,4,1,0,1,0,0,0,0,0,3,0,0,0,0,0,0,0,0,0,0,0,0,0,0,0,0,0,0,0,0,0,0,0,0,0,0,0,0,0,0,0,0,0,0,0,2,0,0,0,0,0,0,0,0,0,0,0,0,0,0,0,0,0,0,0,0,0,0,0,0,0,0,0,0,0,0,0,0,6,0,0
"src/main/java/com.puppycrawl.tools.checkstyle.checks.whitespace.WhitespaceAroundCheck#shouldCheckSeparationFromNextToken(DetailAST, char)",370,14,1,12,1,1,0,1,0,0,0,0,0,1,0,0,0,0,0,0,0,0,0,0,0,0,0,0,0,0,0,0,0,0,0,0,0,0,0,0,0,0,0,0,0,0,0,0,0,0,0,0,0,0,0,0,0,0,0,0,0,0,0,0,0,0,0,0,0,0,0,0,0,0,0,0,0,0,0,0,0,0,2,0,0
"src/main/java/org.apache.commons.lang3.time.DateUtils#modify(Calendar, int, ModifyType)",20129,123,5,98,16,3,6,1,0,0,4,0,0,19,0,0,0,0,0,0,0,0,0,0,0,0,0,0,0,0,0,0,0,0,0,0,0,0,0,0,0,0,0,0,0,0,0,0,0,3,0,0,0,0,0,0,0,0,0,0,0,0,0,0,0,0,0,0,0,0,3,0,0,0,0,0,1,0,0,0,0,0,31,0,0
"src/main/java/org.apache.commons.lang3.time.DurationFormatUtils#formatPeriod(long, long, String, boolean, TimeZone)",4082,73,3,51,16,2,4,1,0,0,3,0,0,14,0,0,0,0,0,0,0,0,0,0,0,0,0,0,0,0,0,0,0,0,0,0,0,0,0,0,0,0,0,0,0,0,0,0,0,8,0,0,1,0,0,0,0,0,0,0,0,0,0,0,0,0,0,0,0,0,1,0,0,0,0,0,0,0,0,0,0,0,28,0,0
"src/main/java/org.apache.commons.lang3.builder.EqualsBuilder#reflectionAppend(Object, Object)",317,11,1,8,2,1,0,1,0,0,0,0,0,2,0,0,0,0,0,0,0,0,0,0,0,0,0,0,0,0,0,0,0,0,0,0,0,0,0,0,0,0,0,0,0,0,0,0,0,1,0,0,0,0,0,0,0,0,0,0,0,0,0,0,0,0,0,0,0,0,0,0,0,0,0,0,0,0,0,0,0,0,4,0,0
"src/main/java/org.apache.commons.lang3.time.FastDatePrinter#parsePattern()",6389,106,4,85,14,2,5,1,0,0,3,0,0,15,0,0,0,0,0,0,0,0,0,0,0,0,0,0,0,0,0,0,0,0,0,0,0,0,0,0,0,0,0,0,0,0,0,0,0,7,0,0,1,0,0,1,0,0,0,0,0,1,0,0,0,0,0,0,0,0,1,0,0,0,0,0,1,0,0,0,0,0,31,0,0
"src/main/java/org.apache.commons.lang3.LocaleUtils#toLocale(String)",1332,56,3,34,17,1,4,1,0,0,3,0,0,17,0,0,0,0,0,0,0,0,0,0,0,0,0,0,0,0,0,0,0,0,0,0,0,0,0,0,0,0,0,0,0,0,0,0,0,4,0,0,0,0,0,0,0,0,0,0,0,0,0,0,0,0,0,0,0,0,1,0,0,0,0,0,0,0,0,0,0,0,26,0,0
"src/main/java/org.apache.commons.lang3.math.NumberUtils#createNumber(String)",3543,120,3,84,29,3,4,1,0,0,3,0,0,25,0,0,0,0,0,0,0,0,0,0,0,0,0,0,0,0,0,0,0,0,0,0,0,0,0,0,0,0,0,0,0,0,0,0,0,13,0,0,0,0,0,0,0,0,0,0,0,0,0,0,0,0,0,1,0,0,2,0,0,0,0,0,0,0,0,0,0,0,45,0,0
"src/main/java/org.apache.commons.lang3.math.NumberUtils#isCreatable(String)",408,18,1,12,5,1,0,1,0,0,0,0,0,4,0,0,0,0,0,0,0,0,0,0,0,0,0,0,0,0,0,0,0,0,0,0,0,0,0,0,0,0,0,0,0,0,0,0,0,2,0,0,0,0,0,0,0,0,0,0,0,0,0,0,0,0,0,0,0,0,0,0,0,0,0,0,0,0,0,0,0,0,7,0,0
"src/main/java/org.apache.commons.lang3.math.NumberUtils#isNumber(String)",3295,120,3,105,9,2,4,1,0,0,3,0,0,9,0,0,0,0,0,0,0,0,0,0,0,0,0,0,0,0,0,0,0,0,0,0,0,0,0,0,0,0,0,0,0,0,0,0,0,5,0,0,0,0,0,0,0,0,0,0,0,0,0,0,0,0,0,0,0,0,1,0,0,1,0,0,0,0,0,0,0,0,20,0,0
"src/main/java/org.apache.commons.lang3.RandomStringUtils#random(int, int, int, boolean, boolean, char[], Random)",1252,62,3,41,15,3,3,1,0,0,3,0,0,16,0,0,0,0,0,0,0,0,0,0,0,0,0,0,0,0,0,0,0,0,0,0,0,0,0,0,0,0,0,0,0,0,0,0,0,2,0,0,0,0,0,0,0,0,0,0,0,0,0,0,0,0,0,0,0,0,2,0,0,0,0,0,0,0,0,0,0,0,24,0,0
"src/main/java/org.apache.commons.lang3.text.StrSubstitutor#substitute(StrBuilder, int, int, List)",1631,47,3,32,9,2,4,1,0,0,3,0,0,10,0,0,0,0,0,0,0,0,0,0,0,0,0,0,0,0,0,0,0,0,0,0,0,0,0,0,0,0,0,0,0,0,0,0,0,2,0,0,0,0,0,0,0,0,0,0,0,0,0,0,0,0,0,0,0,0,2,0,0,0,0,0,0,0,0,0,0,0,18,0,0
"flink-runtime/src/main/java/org.apache.flink.runtime.checkpoint.CheckpointCoordinator#receiveAcknowledgeMessage(AcknowledgeCheckpoint)",3615,101,1,72,25,3,1,1,0,0,0,0,0,28,0,0,0,0,0,0,0,0,0,0,0,0,0,0,0,0,0,0,0,0,0,0,0,0,0,0,0,0,0,0,0,0,0,0,0,7,0,0,0,0,0,0,0,0,0,0,0,1,0,0,0,0,0,2,0,0,0,0,0,0,0,0,0,0,0,0,0,0,39,0,0
"flink-streaming-java/src/main/java/org.apache.flink.streaming.api.datastream.ConnectedStreams#map(CoMapFunction)",4230,75,5,59,10,1,5,1,0,0,3,0,0,12,0,0,0,0,0,0,0,0,0,0,0,0,0,0,0,0,0,0,0,0,0,0,0,0,0,0,0,0,0,0,0,0,0,0,0,0,0,0,0,0,0,0,0,0,0,0,0,1,0,0,0,0,0,0,0,0,1,0,0,0,0,0,1,0,0,0,0,0,19,0,0
"flink-streaming-java/src/main/java/org.apache.flink.streaming.api.functions.source.ContinuousFileMonitoringFunction#close()",10916,20,1,16,3,0,1,1,0,0,0,0,0,3,0,0,0,0,0,0,0,0,0,0,0,0,0,0,0,0,0,0,0,0,0,0,0,0,0,0,0,0,0,0,0,0,0,0,0,0,0,0,0,0,0,0,0,0,0,0,0,0,0,0,0,0,0,0,0,0,0,0,0,0,0,0,0,0,0,0,0,0,4,0,0
"flink-streaming-java/src/main/java/org.apache.flink.streaming.api.datastream.DataStream#filter(FilterFunction)",9470,292,25,240,15,12,25,1,0,0,24,0,0,28,0,0,0,0,0,0,0,0,0,0,0,0,0,0,0,0,0,0,0,0,0,0,0,0,0,0,0,0,0,0,0,0,0,0,0,0,0,0,0,0,0,0,0,0,0,0,0,5,0,0,0,0,0,0,0,0,13,0,0,0,0,0,0,0,0,0,0,0,71,0,0
"flink-runtime/src/main/java/org.apache.flink.runtime.dispatcher.DispatcherRestEndpoint#initializeHandlers(CompletableFuture)",2319,56,1,6,47,1,2,1,0,0,0,0,0,48,0,0,0,0,0,0,0,0,0,0,0,0,0,0,0,0,0,0,0,0,0,0,0,0,0,0,0,0,0,0,0,0,0,0,0,4,0,0,0,0,0,0,0,0,0,0,0,2,0,0,0,0,0,0,0,0,1,0,0,0,0,0,0,0,0,0,0,0,56,0,0
"flink-core/src/main/java/org.apache.flink.core.fs.FileSystem#getUnguardedFileSystem(URI)",1405,22,1,16,3,3,0,1,0,0,0,0,0,3,0,0,0,0,0,0,0,0,0,0,0,0,0,0,0,0,0,0,0,0,0,0,0,0,0,0,0,0,0,0,0,0,0,0,0,3,0,0,0,0,0,0,0,0,0,0,0,0,0,0,0,0,0,0,0,0,1,0,0,1,0,0,0,0,0,0,0,0,9,0,0
"flink-core/src/main/java/org.apache.flink.api.java.typeutils.runtime.kryo.KryoSerializer#checkKryoInitialized()",1713,37,3,23,10,1,3,1,0,0,2,0,0,10,0,0,0,0,0,0,0,0,0,0,0,0,0,0,0,0,0,0,0,0,0,0,0,0,0,0,0,0,0,0,0,0,0,0,0,6,0,0,0,0,0,1,0,0,0,0,0,0,0,0,0,0,0,0,0,0,0,0,0,0,0,0,0,0,0,0,0,0,20,0,0
"flink-core/src/main/java/org.apache.flink.api.common.io.LocatableInputSplitAssigner#getNextInputSplit(String, int)",2632,9,2,3,3,1,2,1,0,0,1,0,0,3,0,0,0,0,0,0,0,0,0,0,0,0,0,0,0,0,0,0,0,0,0,0,0,0,0,0,0,0,0,0,0,0,0,0,0,1,0,0,0,0,0,0,0,0,0,0,0,0,0,0,0,0,0,0,0,0,1,0,0,0,0,0,0,0,0,0,0,0,7,0,0
"flink-core/src/main/java/org.apache.flink.api.java.typeutils.runtime.PojoSerializer#deserialize(DataInputView)",1506,21,2,14,3,2,2,1,0,0,1,0,0,4,0,0,0,0,0,0,0,0,0,0,0,0,0,0,0,0,0,0,0,0,0,0,0,0,0,0,0,0,0,0,0,0,0,0,0,2,0,0,0,0,0,0,0,0,0,0,0,0,0,0,0,0,0,0,0,0,0,0,0,2,0,0,0,0,0,0,0,0,10,0,0
"flink-streaming-java/src/main/java/org.apache.flink.streaming.api.environment.RemoteStreamEnvironment#executeRemotely(StreamGraph, List)",1254,32,3,10,14,6,2,1,0,0,2,0,0,18,0,0,0,0,0,0,0,0,0,0,0,0,0,0,0,0,0,0,0,0,0,0,0,0,0,0,0,0,0,0,0,0,0,0,0,0,0,0,0,0,0,1,0,0,0,0,0,1,0,0,0,0,0,1,0,0,2,0,0,0,0,0,0,0,0,0,0,0,26,0,0
"hibernate-core/src/main/java/org.hibernate.cfg.AnnotationBinder#bindClass(XClass, Map, MetadataBuildingContext)",19458,164,4,122,36,2,4,1,0,0,3,0,0,37,0,0,0,0,0,0,0,0,0,0,0,0,0,0,0,0,0,0,0,0,0,0,0,0,0,0,0,0,0,0,0,0,0,0,0,13,0,0,0,0,0,0,0,0,0,0,0,0,0,0,0,0,0,0,0,0,2,0,0,0,0,0,0,0,0,0,0,0,56,0,0
"hibernate-core/src/main/java/org.hibernate.cfg.annotations.CollectionBinder#bind()",4158,92,4,61,27,0,4,1,0,0,3,0,0,27,0,0,0,0,0,0,0,0,0,0,0,0,0,0,0,0,0,0,0,0,0,0,0,0,0,0,0,0,0,0,0,0,0,0,0,8,0,0,0,0,0,0,0,0,0,0,0,0,0,0,0,0,0,0,0,0,0,0,0,0,0,0,0,0,0,0,0,0,39,0,0
"hibernate-core/src/main/java/org.hibernate.event.internal.DefaultRefreshEventListener#onRefresh(RefreshEvent, Map)",2831,47,4,13,30,0,4,1,0,0,3,0,0,28,0,0,0,0,0,0,0,0,0,0,0,0,0,0,0,0,0,0,0,0,0,0,0,0,0,0,0,0,0,0,0,0,0,0,0,7,0,0,0,0,0,0,0,0,0,0,0,0,0,0,0,0,0,0,0,0,0,0,0,0,0,0,0,0,0,0,0,0,39,0,0
"hibernate-core/src/main/java/org.hibernate.cfg.annotations.QueryBinder#bindNativeQuery(NamedNativeQuery, MetadataBuildingContext, boolean)",11096,31,4,14,11,2,4,1,0,0,3,0,0,12,0,0,0,0,0,0,0,0,0,0,0,0,0,0,0,0,0,0,0,0,0,0,0,0,0,0,0,0,0,0,0,0,0,0,0,0,0,0,0,0,0,0,0,0,0,0,0,0,0,0,0,0,0,0,0,0,2,0,0,0,0,0,0,0,0,0,0,0,18,0,0
"hibernate-core/src/main/java/org.hibernate.cfg.annotations.QueryBinder#bindNativeQuery(NamedNativeQuery, MetadataBuildingContext)",10919,31,4,18,7,2,4,1,0,0,3,0,0,8,0,0,0,0,0,0,0,0,0,0,0,0,0,0,0,0,0,0,0,0,0,0,0,0,0,0,0,0,0,0,0,0,0,0,0,0,0,0,0,0,0,0,0,0,0,0,0,0,0,0,0,0,0,0,0,0,2,0,0,0,0,0,0,0,0,0,0,0,14,0,0
"hibernate-core/src/main/java/org.hibernate.cfg.annotations.QueryBinder#bindQuery(NamedQuery, MetadataBuildingContext, boolean)",10946,31,4,14,11,2,4,1,0,0,3,0,0,12,0,0,0,0,0,0,0,0,0,0,0,0,0,0,0,0,0,0,0,0,0,0,0,0,0,0,0,0,0,0,0,0,0,0,0,0,0,0,0,0,0,0,0,0,0,0,0,0,0,0,0,0,0,0,0,0,2,0,0,0,0,0,0,0,0,0,0,0,18,0,0
"hibernate-core/src/main/java/org.hibernate.cfg.annotations.QueryBinder#bindQuery(NamedQuery, MetadataBuildingContext)",10909,31,4,18,7,2,4,1,0,0,3,0,0,8,0,0,0,0,0,0,0,0,0,0,0,0,0,0,0,0,0,0,0,0,0,0,0,0,0,0,0,0,0,0,0,0,0,0,0,0,0,0,0,0,0,0,0,0,0,0,0,0,0,0,0,0,0,0,0,0,2,0,0,0,0,0,0,0,0,0,0,0,14,0,0
"hibernate-envers/src/main/java/org.hibernate.envers.configuration.internal.RevisionInfoConfiguration#configure(MetadataImplementor, ReflectionManager)",2360,52,4,21,21,5,5,1,0,0,4,0,0,25,0,0,0,0,0,0,0,0,0,0,0,0,0,0,0,0,0,0,0,0,0,0,0,0,0,0,0,0,0,0,0,0,0,0,0,6,0,0,0,0,0,0,0,0,0,0,0,0,0,0,0,0,0,0,0,0,2,0,0,3,0,0,0,0,0,0,0,0,41,0,0
"hibernate-core/src/main/java/org.hibernate.boot.internal.SessionFactoryBuilderImpl#unwrap(Class)",6119,42,1,41,0,0,1,1,0,0,0,0,0,0,0,0,0,0,0,0,0,0,0,0,0,0,0,0,0,0,0,0,0,0,0,0,0,0,0,0,0,0,0,0,0,0,0,0,0,0,0,0,0,0,0,0,0,0,0,0,0,0,0,0,0,0,0,0,0,0,0,0,0,0,0,0,0,0,0,0,0,0,1,0,0
"hibernate-core/src/main/java/org.hibernate.mapping.SimpleValue#buildAttributeConverterTypeAdapter()",1338,32,1,17,14,1,0,1,0,0,0,0,0,14,0,0,0,0,0,0,0,0,0,0,0,0,0,0,0,0,0,0,0,0,0,0,0,0,0,0,0,0,0,0,0,0,0,0,0,4,0,0,0,0,0,0,0,0,0,0,0,0,0,0,0,0,0,0,0,0,0,0,0,0,0,0,0,0,0,0,0,0,19,0,0
"javaparser-core/src/main/java/com.github.javaparser.printer.lexicalpreservation.Difference#apply()",2402,94,2,28,61,3,2,1,0,0,1,0,0,63,0,0,0,0,0,0,0,0,0,0,0,0,0,0,0,0,0,0,0,0,0,0,0,0,0,0,0,0,0,0,0,0,0,0,0,17,0,0,0,0,0,1,0,0,0,0,0,0,0,0,0,0,0,0,0,0,2,0,0,0,0,0,0,0,0,0,0,0,85,0,0
"javaparser-core/src/main/java/com.github.javaparser.printer.lexicalpreservation.Difference#applyRemovedDiffElement(RemovedGroup, Removed, TextElement, boolean, boolean)",589,10,1,7,1,2,0,1,0,0,0,0,0,2,0,0,0,0,0,0,0,0,0,0,0,0,0,0,0,0,0,0,0,0,0,0,0,0,0,0,0,0,0,0,0,0,0,0,0,0,0,0,0,0,0,0,0,0,0,0,0,0,0,0,0,0,0,0,0,0,1,0,0,0,0,0,0,0,0,0,0,0,4,0,0
"javaparser-symbol-solver-core/src/main/java/com.github.javaparser.symbolsolver.javaparsermodel.JavaParserFacade#convertToUsage(Type, Context)",3753,161,6,112,35,8,6,1,0,0,5,0,0,38,0,0,0,0,0,0,0,0,0,0,0,0,0,0,0,0,0,0,0,0,0,0,0,0,0,0,0,0,0,0,0,0,0,0,0,3,0,0,0,0,0,4,0,0,0,0,0,2,0,0,0,0,0,0,0,0,3,0,0,0,0,0,0,0,0,0,0,0,56,0,0
"javaparser-symbol-solver-core/src/main/java/com.github.javaparser.symbolsolver.javaparsermodel.JavaParserFacade#getTypeConcrete(Node, boolean)",2814,156,6,81,67,3,5,1,0,0,5,0,0,68,0,0,0,0,0,0,0,0,0,0,0,0,0,0,0,0,0,0,0,0,0,0,0,0,0,0,0,0,0,0,0,0,0,0,0,15,0,0,0,0,0,0,0,0,0,0,0,2,0,0,0,0,0,0,0,0,0,0,0,0,0,0,0,0,0,0,0,0,91,0,0
"javaparser-symbol-solver-core/src/main/java/com.github.javaparser.symbolsolver.javaparsermodel.contexts.LambdaExprContext#solveSymbolAsValue(String, TypeSolver)",1215,57,6,27,24,0,6,1,0,0,5,0,0,24,0,0,0,0,0,0,0,0,0,0,0,0,0,0,0,0,0,0,0,0,0,0,0,0,0,0,0,0,0,0,0,0,0,0,0,2,0,0,0,0,0,0,0,0,0,0,0,0,0,0,0,0,0,0,0,0,0,0,0,0,0,0,0,0,0,0,0,0,32,0,0
"javaparser-symbol-solver-core/src/main/java/com.github.javaparser.symbolsolver.javaparsermodel.contexts.MethodCallExprContext#solveMethod(String, List, boolean, TypeSolver)",6364,122,6,86,25,4,7,1,0,0,5,0,0,29,0,0,0,0,0,0,0,0,0,0,0,0,0,0,0,0,0,0,0,0,0,0,0,0,0,0,0,0,0,0,0,0,0,0,0,7,0,0,0,0,0,0,0,0,0,0,0,1,0,0,0,0,0,0,0,0,5,0,0,0,0,0,0,0,0,0,0,0,48,0,0
"javaparser-symbol-solver-core/src/main/java/com.github.javaparser.symbolsolver.javaparsermodel.contexts.MethodCallExprContext#solveMethodAsUsage(String, List, TypeSolver)",6402,117,6,73,35,3,6,1,0,0,5,0,0,35,0,0,0,0,0,0,0,0,0,0,0,0,0,0,0,0,0,0,0,0,0,0,0,0,0,0,0,0,0,0,0,0,0,0,0,11,0,0,0,0,0,0,0,0,0,0,0,0,0,0,0,0,0,0,0,0,3,0,0,0,0,0,0,0,0,0,0,0,55,0,0
"javaparser-symbol-solver-core/src/main/java/com.github.javaparser.symbolsolver.resolution.MethodResolutionLogic#isApplicable(ResolvedMethodDeclaration, String, List, TypeSolver, boolean)",4931,42,3,29,7,4,2,1,0,0,2,0,0,10,0,0,0,0,0,0,0,0,0,0,0,0,0,0,0,0,0,0,0,0,0,0,0,0,0,0,0,0,0,0,0,0,0,0,0,0,0,0,0,0,0,0,0,0,0,0,0,0,0,0,0,0,0,0,0,0,3,0,0,0,0,0,0,0,0,0,0,0,16,0,0
"javaparser-symbol-solver-core/src/main/java/com.github.javaparser.symbolsolver.SourceFileInfoExtractor#solve(Node)",2101,79,6,46,27,0,6,1,0,0,3,0,0,28,0,0,0,0,0,0,0,0,0,0,0,0,0,0,0,0,0,0,0,0,0,0,0,0,0,0,0,0,0,0,0,0,0,0,0,14,0,0,1,0,0,1,0,0,0,0,0,0,0,0,0,0,0,0,0,0,0,0,0,0,0,0,1,0,0,0,0,0,49,0,0
"javaparser-core/src/main/java/com.github.javaparser.ast.visitor.VoidVisitorAdapter#visit(MethodDeclaration, A)",2232,92,5,64,19,3,5,1,0,0,4,0,0,20,0,0,0,0,0,0,0,0,0,0,0,0,0,0,0,0,0,0,0,0,0,0,0,0,0,0,0,0,0,0,0,0,0,0,0,0,0,0,0,0,0,0,0,0,0,0,0,0,0,0,0,0,0,0,0,0,1,0,0,2,0,0,0,0,0,0,0,0,28,0,0
"org.eclipse.jgit/src/org.eclipse.jgit.api.CommitCommand#call()",829,64,1,23,35,5,1,1,0,0,0,0,0,37,0,0,0,0,0,0,0,0,0,0,0,0,0,0,0,0,0,0,0,0,0,0,0,0,0,0,0,0,0,0,0,0,0,0,0,7,0,0,0,0,0,0,0,0,0,0,0,0,0,0,0,0,0,4,0,0,0,0,0,1,0,0,0,0,0,0,0,0,50,0,0
"org.eclipse.jgit/src/org.eclipse.jgit.lib.IndexDiff#diff(ProgressMonitor, int, int, String)",474,31,1,10,20,1,0,1,0,0,0,0,0,19,0,0,0,0,0,0,0,0,0,0,0,0,0,0,0,0,0,0,0,0,0,0,0,0,0,0,0,0,0,0,0,0,0,0,0,1,0,0,0,0,0,0,0,0,0,0,0,0,0,0,0,0,0,0,0,0,0,0,0,0,0,0,0,0,0,0,0,0,21,0,0
"org.eclipse.jgit/src/org.eclipse.jgit.api.MergeCommand#call()",1060,53,1,16,32,4,1,1,0,0,0,0,0,33,0,0,0,0,0,0,0,0,0,0,0,0,0,0,0,0,0,0,0,0,0,0,0,0,0,0,0,0,0,0,0,0,0,0,0,4,0,0,0,0,0,0,0,0,0,0,0,0,0,0,0,0,0,2,0,0,0,0,0,2,0,0,0,0,0,0,0,0,42,0,0
"org.eclipse.jgit/src/org.eclipse.jgit.internal.storage.pack.PackWriter#findObjectsToPack(ProgressMonitor, ObjectWalk, Set, Set, Set)",8584,314,9,252,42,11,5,1,0,0,2,0,0,37,0,0,0,0,0,0,0,0,0,0,0,0,0,0,0,0,0,0,0,0,0,0,0,1,0,0,2,0,0,0,0,0,0,0,0,7,0,0,0,0,0,0,0,0,0,0,0,0,0,0,0,0,0,1,0,0,5,0,0,0,0,0,0,0,0,0,0,0,56,0,0
"org.eclipse.jgit/src/org.eclipse.jgit.internal.storage.pack.PackWriter#writePack(ProgressMonitor, ProgressMonitor, OutputStream)",4844,171,3,133,34,1,2,1,0,0,2,0,0,35,0,0,0,0,0,0,0,0,0,0,0,0,0,0,0,0,0,0,0,0,0,0,0,0,0,0,0,0,0,0,0,0,0,0,0,0,0,0,0,0,0,0,0,0,0,0,0,0,0,0,0,0,0,0,0,0,1,0,0,0,0,0,0,0,0,0,0,0,39,0,0
"org.eclipse.jgit/src/org.eclipse.jgit.api.PullCommand#call()",418,38,1,6,24,7,1,1,0,0,0,0,0,28,0,0,0,0,0,0,0,0,0,0,0,0,0,0,0,0,0,0,0,0,0,0,0,0,0,0,0,0,0,0,0,0,0,0,0,7,0,0,0,0,0,0,0,0,0,0,0,0,0,0,0,0,0,6,0,0,0,0,0,1,0,0,0,0,0,0,0,0,43,0,0
"org.eclipse.jgit/src/org.eclipse.jgit.api.RebaseCommand#call()",1655,85,1,48,33,3,1,1,0,0,0,0,0,31,0,0,0,0,0,0,0,0,0,0,0,0,0,0,0,0,0,0,0,0,0,0,0,0,0,0,0,0,0,0,0,0,0,0,0,13,0,0,0,0,0,0,0,0,0,0,0,0,0,0,0,0,0,2,0,0,0,0,0,1,0,0,0,0,0,0,0,0,48,0,0
"org.eclipse.jgit/src/org.eclipse.jgit.transport.ReceivePack#getLockMessageProcessName()",1016,21,1,19,1,0,1,1,0,0,0,0,0,0,0,0,0,0,0,0,0,0,0,0,0,0,0,0,0,0,0,0,0,0,0,0,0,0,0,0,0,0,0,0,0,0,0,0,0,1,0,0,0,0,0,0,0,0,0,0,0,0,0,0,0,0,0,0,0,0,0,0,0,0,0,0,0,0,0,0,0,0,2,0,0
"org.eclipse.jgit/src/org.eclipse.jgit.gitrepo.RepoCommand#call()",1051,68,1,40,26,1,1,1,0,0,0,0,0,27,0,0,0,0,0,0,0,0,0,0,0,0,0,0,0,0,0,0,0,0,0,0,0,0,0,0,0,0,0,0,0,0,0,0,0,10,0,0,0,0,0,0,0,0,0,0,0,1,0,0,0,0,0,0,0,0,0,0,0,0,0,0,0,0,0,0,0,0,39,0,0
"org.eclipse.jgit/src/org.eclipse.jgit.transport.UploadPack#sendPack(boolean, PackStatistics.Accumulator, Collection, List)",3233,101,1,70,25,6,0,1,0,0,0,0,0,26,0,0,0,0,0,0,0,0,0,0,0,0,0,0,0,0,0,0,0,0,0,0,0,0,0,0,0,0,0,0,0,0,0,0,0,4,0,0,0,0,0,0,0,0,0,0,0,0,0,0,0,0,0,0,0,0,3,0,0,2,0,0,0,0,0,0,0,0,36,0,0
"src/main/java/org.junit.runners.BlockJUnit4ClassRunner#describeChild(FrameworkMethod)",8965,143,6,124,10,3,6,1,0,0,4,0,0,12,0,0,0,0,0,0,0,0,0,0,0,0,0,0,0,0,0,0,0,0,0,0,0,0,0,0,0,0,0,0,0,0,0,0,0,0,0,0,1,0,0,0,0,0,0,0,0,0,0,0,0,0,0,0,0,0,2,0,0,1,0,0,1,0,0,0,0,0,22,0,0
"src/main/java/org.junit.runners.BlockJUnit4ClassRunner.runChild.statement#evaluate()",56,2,1,1,0,0,1,1,0,0,0,0,0,0,0,0,0,0,0,0,0,0,0,0,0,0,0,0,0,0,0,0,0,0,0,0,0,0,0,0,0,0,0,0,0,0,0,0,0,0,0,0,0,0,0,0,0,0,0,0,0,0,0,0,0,0,0,0,0,0,0,0,0,0,0,0,0,0,0,0,0,0,1,0,0
"src/main/java/org.junit.runners.BlockJUnit4ClassRunner#methodBlock(FrameworkMethod)",4247,134,5,105,10,14,5,1,0,0,2,0,0,20,0,0,0,0,0,0,0,0,0,0,0,0,0,0,0,0,0,0,0,0,0,0,0,0,0,0,0,0,0,0,0,0,0,0,0,11,0,0,2,0,0,5,0,0,0,0,0,3,0,0,0,0,0,0,0,0,8,0,0,0,0,0,2,0,0,0,0,0,54,0,0
"src/main/java/org.junit.runners.BlockJUnit4ClassRunner#possiblyExpectingExceptions(FrameworkMethod, Object, Statement)",3965,133,5,116,3,9,5,1,0,0,2,0,0,9,0,0,0,0,0,0,0,0,0,0,0,0,0,0,0,0,0,0,0,0,0,0,0,0,0,0,0,0,0,0,0,0,0,0,0,0,0,0,1,0,0,3,0,0,0,0,0,3,0,0,0,0,0,0,0,0,6,0,0,2,0,0,2,0,0,0,0,0,29,0,0
"src/main/java/org.junit.runners.BlockJUnit4ClassRunner#runChild(FrameworkMethod, RunNotifier)",8412,131,6,96,23,6,6,1,0,0,4,0,0,25,0,0,0,0,0,0,0,0,0,0,0,0,0,0,0,0,0,0,0,0,0,0,0,0,0,0,0,0,0,0,0,0,0,0,0,7,0,0,2,0,0,0,0,0,0,0,0,0,0,0,0,0,0,0,0,0,3,0,0,1,0,0,1,0,0,0,0,0,44,0,0
"src/main/java/org.junit.runners.BlockJUnit4ClassRunner#withPotentialTimeout(FrameworkMethod, Object, Statement)",3975,133,5,119,2,7,5,1,0,0,2,0,0,8,0,0,0,0,0,0,0,0,0,0,0,0,0,0,0,0,0,0,0,0,0,0,0,0,0,0,0,0,0,0,0,0,0,0,0,0,0,0,1,0,0,1,0,0,0,0,0,3,0,0,0,0,0,0,0,0,7,0,0,1,0,0,2,0,0,0,0,0,26,0,0
"src/main/java/org.junit.runners.Parameterized.RunnersFactory#createRunners()",100,6,1,3,1,1,1,1,0,0,0,0,0,2,0,0,0,0,0,0,0,0,0,0,0,0,0,0,0,0,0,0,0,0,0,0,0,0,0,0,0,0,0,0,0,0,0,0,0,0,0,0,0,0,0,0,0,0,0,0,0,0,0,0,0,0,0,1,0,0,0,0,0,0,0,0,0,0,0,0,0,0,4,0,0
"src/main/java/org.junit.runners.Parameterized.RunnersFactory#createRunnersForParameters(Iterable, String, ParametersRunnerFactory)",354,36,1,26,2,7,1,1,0,0,0,0,0,7,0,0,0,0,0,0,0,0,0,0,0,0,0,0,0,0,0,0,0,0,0,0,0,0,0,0,0,0,0,0,0,0,0,0,0,0,0,0,0,0,0,0,0,0,0,0,0,1,0,0,0,0,0,3,0,0,3,0,0,0,0,0,1,0,0,0,0,0,16,0,0
"src/main/java/org.junit.runners.ParentRunner#applyValidators(List)",135,17,1,16,0,1,0,1,0,0,0,0,0,0,0,0,0,0,0,0,0,0,0,0,0,0,0,0,0,0,0,0,0,0,0,0,0,0,0,0,0,0,0,0,0,0,0,0,0,0,0,0,0,0,0,0,0,0,0,0,0,0,0,0,0,0,0,0,0,0,0,0,0,0,0,0,0,0,0,0,0,0,1,0,0
"src/main/java/junit.runner.Version#id()",230,73,3,2,68,0,3,1,0,0,2,0,0,69,0,0,0,0,0,0,0,0,0,0,0,0,0,0,0,0,0,0,0,0,0,0,0,0,0,0,0,0,0,0,0,0,0,0,0,2,0,0,0,0,0,0,0,0,0,0,0,0,0,0,0,0,0,0,0,0,0,0,0,0,0,0,0,0,0,0,0,0,74,0,0
"junit-platform-console/src/main/java/org.junit.platform.console.options.AvailableOptions#toCommandLineOptions(OptionSet)",835,60,4,27,29,0,4,1,0,0,2,0,0,30,0,0,0,0,0,0,0,0,0,0,0,0,0,0,0,0,0,0,0,0,0,0,0,0,0,0,0,0,0,0,0,0,0,0,0,5,0,0,0,0,0,1,0,0,0,0,0,0,0,0,0,0,0,0,0,0,1,0,0,0,0,0,1,0,0,0,0,0,41,0,0
"junit-jupiter-engine/src/main/java/org.junit.jupiter.engine.descriptor.ClassTestDescriptor#invokeBeforeAllMethods(JupiterEngineExecutionContext)",1399,92,3,80,7,2,3,1,0,0,2,0,0,9,0,0,0,0,0,0,0,0,0,0,0,0,0,0,0,0,0,0,0,0,0,0,0,0,0,0,0,0,0,0,0,0,0,0,0,1,0,0,0,0,0,0,0,0,0,0,0,0,0,0,0,0,0,0,0,0,2,0,0,0,0,0,0,0,0,0,0,0,15,0,0
"junit-jupiter-engine/src/main/java/org.junit.jupiter.engine.descriptor.ClassTestDescriptor#prepare(JupiterEngineExecutionContext)",1532,130,3,103,23,1,3,1,0,0,2,0,0,22,0,0,0,0,0,0,0,0,0,0,0,0,0,0,0,0,0,0,0,0,0,0,0,0,0,0,0,0,0,0,0,0,0,0,0,4,0,0,0,0,0,0,0,0,0,0,0,1,0,0,0,0,0,0,0,0,1,0,0,0,0,0,0,0,0,0,0,0,31,0,0
"junit-platform-launcher/src/main/java/org.junit.platform.launcher.core.DefaultLauncher#discover(LauncherDiscoveryRequest)",1943,118,7,86,19,6,7,1,0,0,6,0,0,23,0,0,0,0,0,0,0,0,0,0,0,0,0,0,0,0,0,0,0,0,0,0,0,0,0,0,0,0,0,0,0,0,0,0,0,2,0,0,1,0,0,0,0,0,0,0,0,0,0,0,0,0,0,0,0,0,5,0,0,1,0,0,0,0,0,0,0,0,39,0,0
"junit-platform-launcher/src/main/java/org.junit.platform.launcher.core.DefaultLauncher#discoverRoot(LauncherDiscoveryRequest, String)",1147,76,7,38,25,7,6,1,0,0,6,0,0,28,0,0,0,0,0,0,0,0,0,0,0,0,0,0,0,0,0,0,0,0,0,0,0,0,0,0,0,0,0,0,0,0,0,0,0,1,0,0,1,0,0,0,0,0,0,0,0,1,0,0,0,0,0,0,0,0,5,0,0,0,0,0,0,0,0,0,0,0,43,0,0
"junit-platform-launcher/src/main/java/org.junit.platform.launcher.core.DefaultLauncher#execute(Root, ConfigurationParameters, TestExecutionListener[])",1617,121,7,83,22,8,8,1,0,0,6,0,0,30,0,0,0,0,0,0,0,0,0,0,0,0,0,0,0,0,0,0,0,0,0,0,0,0,0,0,0,0,0,0,0,0,0,0,0,1,0,0,0,0,0,3,0,0,0,0,0,0,0,0,0,0,0,2,0,0,6,0,0,0,0,0,0,0,0,0,0,0,49,0,0
"junit-platform-engine/src/main/java/org.junit.platform.engine.support.hierarchical.NodeTestTask#execute()",3568,50,7,17,20,6,7,1,0,0,5,0,0,24,0,0,0,0,0,0,0,0,0,0,0,0,0,0,0,0,0,0,0,0,0,0,0,0,0,0,0,0,0,0,0,0,0,0,0,14,0,0,1,0,0,2,0,0,0,0,0,0,0,0,0,0,0,1,0,0,6,0,0,3,0,0,2,0,0,0,0,0,59,0,0
"junit-jupiter-engine/src/main/java/org.junit.jupiter.engine.descriptor.TestFactoryTestDescriptor#invokeTestMethod(JupiterEngineExecutionContext, DynamicTestExecutor)",964,55,4,25,22,4,4,1,0,0,3,0,0,25,0,0,0,0,0,0,0,0,0,0,0,0,0,0,0,0,0,0,0,0,0,0,0,0,0,0,0,0,0,0,0,0,0,0,0,1,0,0,0,0,0,0,0,0,0,0,0,0,0,0,0,0,0,0,0,0,4,0,0,0,0,0,0,0,0,0,0,0,34,0,0
"junit-jupiter-engine/src/main/java/org.junit.jupiter.engine.descriptor.TestMethodTestDescriptor#execute(JupiterEngineExecutionContext, DynamicTestExecutor)",1364,130,5,92,27,6,5,1,0,0,4,0,0,31,0,0,0,0,0,0,0,0,0,0,0,0,0,0,0,0,0,0,0,0,0,0,0,0,0,0,0,0,0,0,0,0,0,0,0,1,0,0,0,0,0,0,0,0,0,0,0,3,0,0,0,0,0,1,0,0,5,0,0,0,0,0,0,0,0,0,0,0,46,0,0
"junit-jupiter-engine/src/main/java/org.junit.jupiter.engine.descriptor.TestMethodTestDescriptor#invokeTestMethod(JupiterEngineExecutionContext, DynamicTestExecutor)",1478,122,4,86,22,11,3,1,0,0,3,0,0,29,0,0,0,0,0,0,0,0,0,0,0,0,0,0,0,0,0,0,0,0,0,0,0,0,0,0,0,0,0,0,0,0,0,0,0,0,0,0,0,0,0,1,0,0,0,0,0,1,0,0,0,0,0,0,0,0,10,0,0,0,0,0,0,0,0,0,0,0,45,0,0
"okhttp/src/main/java/okhttp3.ConnectionPool#get(Address, StreamAllocation, Route)",2083,62,5,32,19,6,5,1,0,0,4,0,0,25,0,0,0,0,0,0,0,0,0,0,0,0,0,0,0,0,0,0,0,0,0,0,0,0,0,0,0,0,0,0,0,0,0,0,0,7,0,0,0,0,0,2,0,0,0,0,0,2,0,0,0,0,0,1,0,0,4,0,0,1,0,0,0,0,0,0,0,0,47,0,0
"okhttp/src/main/java/okhttp3.internal.http2.Http2Codec#writeRequestHeaders(Request)",2569,111,8,77,25,1,8,1,0,0,7,0,0,29,0,0,0,0,0,0,0,0,0,0,0,0,0,0,0,0,0,0,0,0,0,0,0,0,0,0,0,0,0,0,0,0,0,0,0,0,0,0,0,0,0,0,0,0,0,0,0,0,0,0,0,0,0,0,0,0,1,0,0,0,0,0,0,0,0,0,0,0,38,0,0
"okhttp/src/main/java/okhttp3.internal.http2.Http2Connection.ReaderRunnable#headers(boolean, int, int, List)",4415,137,9,99,21,8,9,1,0,0,8,0,0,29,0,0,0,0,0,0,0,0,0,0,0,0,0,0,0,0,0,0,0,0,0,0,0,0,0,0,0,0,0,0,0,0,0,0,0,2,0,0,1,0,0,0,0,0,0,0,0,0,0,0,0,0,0,0,0,0,8,0,0,0,0,0,0,0,0,0,0,0,49,0,0
"okhttp/src/main/java/okhttp3.internal.http2.Http2Connection#newStream(int, List, boolean)",2380,71,5,58,7,2,4,1,0,0,4,0,0,10,0,0,0,0,0,0,0,0,0,0,0,0,0,0,0,0,0,0,0,0,0,0,0,0,0,0,0,0,0,0,0,0,0,0,0,2,0,0,0,0,0,0,0,0,0,0,0,2,0,0,0,0,0,0,0,0,1,0,0,0,0,0,0,0,0,0,0,0,20,0,0
"okhttp/src/main/java/okhttp3.internal.http2.Http2Connection#newStream(List, boolean)",3507,146,9,116,17,4,9,1,0,0,8,0,0,18,0,0,0,0,0,0,0,0,0,0,0,0,0,0,0,0,0,0,0,0,0,0,0,0,0,0,0,0,0,0,0,0,0,0,0,4,0,0,0,0,0,1,0,0,0,0,0,2,0,0,0,0,0,0,0,0,3,0,0,0,0,0,0,0,0,0,0,0,37,0,0
"okhttp/src/main/java/okhttp3.internal.http2.Http2Connection#pushStream(int, List, boolean)",2422,71,5,64,2,0,5,1,0,0,4,0,0,2,0,0,0,0,0,0,0,0,0,0,0,0,0,0,0,0,0,0,0,0,0,0,0,0,0,0,0,0,0,0,0,0,0,0,0,0,0,0,0,0,0,0,0,0,0,0,0,2,0,0,0,0,0,0,0,0,0,0,0,0,0,0,0,0,0,0,0,0,9,0,0
"okhttp-urlconnection/src/main/java/okhttp3.JavaNetAuthenticator#authenticate(Route, Response)",3178,12,4,2,5,1,4,1,0,0,3,0,0,6,0,0,0,0,0,0,0,0,0,0,0,0,0,0,0,0,0,0,0,0,0,0,0,0,0,0,0,0,0,0,0,0,0,0,0,1,0,0,1,0,0,0,0,0,0,0,0,0,0,0,0,0,0,0,0,0,1,0,0,0,0,0,0,0,0,0,0,0,13,0,0
"okhttp-urlconnection/src/main/java/okhttp3.internal.huc.OkHttpURLConnection#getResponse(boolean)",3859,142,8,110,22,2,8,1,0,0,7,0,0,23,0,0,0,0,0,0,0,0,0,0,0,0,0,0,0,0,0,0,0,0,0,0,0,0,0,0,0,0,0,0,0,0,0,0,0,8,0,0,0,0,0,0,0,0,0,0,0,1,0,0,0,0,0,0,0,0,1,0,0,0,0,0,0,0,0,0,0,0,41,0,0
"okhttp/src/main/java/okhttp3.RealCall.AsyncCall#execute()",1788,124,6,90,27,1,6,1,0,0,5,0,0,29,0,0,0,0,0,0,0,0,0,0,0,0,0,0,0,0,0,0,0,0,0,0,0,0,0,0,0,0,0,0,0,0,0,0,0,7,0,0,1,0,0,1,0,0,0,0,0,0,0,0,0,0,0,0,0,0,0,0,0,0,0,0,0,0,0,0,0,0,44,0,0
"okhttp/src/main/java/okhttp3.internal.connection.RealConnection#connect(int, int, int, int, boolean, Call, EventListener)",20965,156,7,106,34,9,7,1,0,0,5,0,0,42,0,0,0,0,0,0,0,0,0,0,0,0,0,0,0,0,0,0,0,0,0,0,0,0,0,0,0,0,0,0,0,0,0,0,0,10,0,0,0,0,0,2,0,0,0,0,0,0,0,0,0,0,0,2,0,0,8,0,0,0,0,0,1,0,0,0,0,0,71,0,0
"spring-webmvc/src/main/java/org.springframework.web.servlet.mvc.method.annotation.AbstractMessageConverterMethodProcessor#writeWithMessageConverters(T, MethodParameter, ServletServerHttpRequest, ServletServerHttpResponse)",3162,67,3,22,35,7,3,1,0,0,2,0,0,41,0,0,0,0,0,0,0,0,0,0,0,0,0,0,0,0,0,0,0,0,0,0,0,0,0,0,0,0,0,0,0,0,0,0,0,0,0,0,0,0,0,0,0,0,0,0,0,0,0,0,0,0,0,1,0,0,5,0,0,1,0,0,0,0,0,0,0,0,51,0,0
"spring-beans/src/main/java/org.springframework.beans.AbstractNestablePropertyAccessor#setPropertyValue(PropertyTokenHolder, PropertyValue)",38047,107,4,59,42,2,4,1,0,0,1,0,0,42,0,0,0,0,0,0,0,0,0,0,0,0,0,0,0,0,0,0,0,0,0,0,0,0,0,0,0,0,0,0,0,0,0,0,0,9,0,0,0,0,0,1,0,0,0,0,0,0,0,0,0,0,0,0,0,0,0,0,0,2,0,0,2,0,0,0,0,0,58,0,0
"spring-context/src/main/java/org.springframework.context.annotation.ConfigurationClassBeanDefinitionReader#loadBeanDefinitionsForBeanMethod(BeanMethod)",3936,109,7,59,39,4,7,1,0,0,6,0,0,37,0,0,0,0,0,0,0,0,0,0,0,0,0,0,0,0,0,0,0,0,0,0,0,0,0,0,0,0,0,0,0,0,0,0,0,19,0,0,1,0,0,0,0,0,0,0,0,0,0,0,0,0,0,0,0,0,4,0,0,1,0,0,0,0,0,0,0,0,69,0,0
"spring-context/src/main/java/org.springframework.context.annotation.ConfigurationClassParser#doProcessConfigurationClass(ConfigurationClass, SourceClass)",7344,136,2,74,57,3,2,1,0,0,1,0,0,58,0,0,0,0,0,0,0,0,0,0,0,0,0,0,0,0,0,0,0,0,0,0,0,0,0,0,0,0,0,0,0,0,0,0,0,14,0,0,0,0,0,1,0,0,0,0,0,2,0,0,0,0,0,0,0,0,1,0,0,1,0,0,0,0,0,0,0,0,79,0,0
"spring-context/src/main/java/org.springframework.context.annotation.ConfigurationClassPostProcessor#processConfigBeanDefinitions(BeanDefinitionRegistry)",12089,90,2,46,36,6,2,1,0,0,1,0,0,39,0,0,0,0,0,0,0,0,0,0,0,0,0,0,0,0,0,0,0,0,0,0,0,0,0,0,0,0,0,0,0,0,0,0,0,7,0,0,0,0,0,2,0,0,0,0,0,0,0,0,0,0,0,0,0,0,4,0,0,0,0,0,0,0,0,0,0,0,54,0,0
"spring-beans/src/main/java/org.springframework.beans.factory.support.ConstructorResolver#instantiateUsingFactoryMethod(String, RootBeanDefinition, Object[])",2830,69,2,24,40,3,2,1,0,0,1,0,0,42,0,0,0,0,0,0,0,0,0,0,0,0,0,0,0,0,0,0,0,0,0,0,0,0,0,0,0,0,0,0,0,0,0,0,0,4,0,0,0,0,0,0,0,0,0,0,0,0,0,0,0,0,0,0,0,0,2,0,0,2,0,0,0,0,0,0,0,0,52,0,0
"spring-core/src/main/java/org.springframework.core.convert.support.GenericConversionService#getConverter(TypeDescriptor, TypeDescriptor)",5131,157,5,126,18,8,5,1,0,0,4,0,0,23,0,0,0,0,0,0,0,0,0,0,0,0,0,0,0,0,0,0,0,0,0,0,0,0,0,0,0,0,0,0,0,0,0,0,0,0,0,0,1,0,0,3,0,0,0,0,0,1,0,0,0,0,0,0,0,0,6,0,0,1,0,0,0,0,0,0,0,0,40,0,0
"spring-webflux/src/main/java/org.springframework.web.reactive.result.method.annotation.ResponseBodyResultHandler#handleResult(ServerWebExchange, HandlerResult)",1121,69,4,25,33,7,4,1,0,0,3,0,0,38,0,0,0,0,0,0,0,0,0,0,0,0,0,0,0,0,0,0,0,0,0,0,0,0,0,0,0,0,0,0,0,0,0,0,0,2,0,0,0,0,0,0,0,0,0,0,0,1,0,0,0,0,0,0,0,0,4,0,0,2,0,0,0,0,0,0,0,0,51,0,0
"spring-web/src/main/java/org.springframework.http.server.reactive.ServletHttpHandlerAdapter#service(ServletRequest, ServletResponse)",1804,80,8,36,32,4,8,1,0,0,7,0,0,38,0,0,0,0,0,0,0,0,0,0,0,0,0,0,0,0,0,0,0,0,0,0,0,0,0,0,0,0,0,0,0,0,0,0,0,1,0,0,0,0,0,1,0,0,0,0,0,0,0,0,0,0,0,2,0,0,3,0,0,0,0,0,0,0,0,0,0,0,53,0,0
"spring-beans/src/main/java/org.springframework.beans.TypeConverterDelegate#convertIfNecessary(String, Object, Object, Class, TypeDescriptor)",3200,68,2,20,40,6,2,1,0,0,1,0,0,43,0,0,0,0,0,0,0,0,0,0,0,0,0,0,0,0,0,0,0,0,0,0,0,0,0,0,0,0,0,0,0,0,0,0,0,8,0,0,0,0,0,2,0,0,0,0,0,1,0,0,0,0,0,0,0,0,5,0,0,2,0,0,0,0,0,0,0,0,63,0,0
